,Title,Price,Images
0,Cerelac Regular Stage 1 - 250g,R36.90,https://www.babiesrus.co.za/media/catalog/product/cache/f1f6de05b7f74ffe86c1d44f4118e994/8/0/8058664056569_imageoutofpack.png
1,"ABC Soft Ball, 4-assortment",R59.90,https://www.babiesrus.co.za/media/catalog/product/cache/f1f6de05b7f74ffe86c1d44f4118e994/6/0/6009631456297_imageinpack.png
2,Casey Wooden Cot,"R1,799.90",https://www.babiesrus.co.za/media/catalog/product/cache/f1f6de05b7f74ffe86c1d44f4118e994/6/0/6009631456280_imageview1front.png
3,Bennetts Hand and Surface Sanitiser 250ml,"Regular Price
R54.90




Special Price
R49.90",https://www.babiesrus.co.za/media/catalog/product/cache/f1f6de05b7f74ffe86c1d44f4118e994/6/0/6009544200598_imageoutofpack.png
4,Move & Grow Happy Hippy Walker,R699.90,https://www.babiesrus.co.za/media/catalog/product/cache/f1f6de05b7f74ffe86c1d44f4118e994/6/0/6009900314792_imageinpackimageoutofpack.jpg
5,Bin - White,R499.90,https://www.babiesrus.co.za/media/catalog/product/cache/f1f6de05b7f74ffe86c1d44f4118e994/6/0/6009544206941_imageoutofpack.jpg
6,Sports Cup Push Pull Spout Mickey and Minnie,R269.90,https://www.babiesrus.co.za/media/catalog/product/cache/f1f6de05b7f74ffe86c1d44f4118e994/6/0/6004696000140_imageoutofpack.jpg
7,Bin Mint,R499.90,https://www.babiesrus.co.za/media/catalog/product/cache/f1f6de05b7f74ffe86c1d44f4118e994/6/0/6009710730102_imageoutofpack.png
8,Boni Walker Teal,R499.90,https://www.babiesrus.co.za/media/catalog/product/cache/f1f6de05b7f74ffe86c1d44f4118e994/6/0/6009528954066_imageoutofpack.jpg
9,Space Soother Neutral 0-6 Months,R159.90,https://www.babiesrus.co.za/media/catalog/product/cache/f1f6de05b7f74ffe86c1d44f4118e994/4/9/4902508168960_imageoutofpack.jpg
10,Dummy Care Pack,R74.90,https://www.babiesrus.co.za/media/catalog/product/cache/f1f6de05b7f74ffe86c1d44f4118e994/5/0/5060062996074_imageoutofpack.png
11,Dinosaur Junior Helmet,"Regular Price
R179.90




Special Price
R149.90",https://www.babiesrus.co.za/media/catalog/product/cache/f1f6de05b7f74ffe86c1d44f4118e994/6/0/6001106224974_imageoutofpack.png
12,Musical Shaker Tambourine,R39.90,https://www.babiesrus.co.za/media/catalog/product/cache/f1f6de05b7f74ffe86c1d44f4118e994/6/0/6001016402677_imageoutofpack.png
13,Nipple Shield,R149.90,https://www.babiesrus.co.za/media/catalog/product/cache/f1f6de05b7f74ffe86c1d44f4118e994/6/0/6001106109929_imageoutofpack.png
14,Lansinoh Nipple Cream 10ml,R109.90,https://www.babiesrus.co.za/media/catalog/product/cache/f1f6de05b7f74ffe86c1d44f4118e994/6/0/6001106123970_imageoutofpack.png
15,Dettol Antiseptic with Aloe Vera,R24.90,https://www.babiesrus.co.za/media/catalog/product/cache/f1f6de05b7f74ffe86c1d44f4118e994/4/9/4902508175050_imageoutofpack.png
16,Fybogel 10's,R109.90,https://www.babiesrus.co.za/media/catalog/product/cache/f1f6de05b7f74ffe86c1d44f4118e994/6/0/6007856127527_imageoutofpack.png
17,Gaviscon Liquid Aniseed 150ml,R89.90,https://www.babiesrus.co.za/media/catalog/product/cache/f1f6de05b7f74ffe86c1d44f4118e994/6/1/618998022203_imageoutofpack.png
18,Gaviscon Peppermint Tablets 16's,R44.90,https://www.babiesrus.co.za/media/catalog/product/cache/f1f6de05b7f74ffe86c1d44f4118e994/6/0/6009711550099_imageoutofpack.png
19,Rapid Steam Steriliser,"Regular Price
R1,699.90




Special Price
R849.90",https://www.babiesrus.co.za/media/catalog/product/cache/f1f6de05b7f74ffe86c1d44f4118e994/5/0/5060428198432_imageoutofpack.png
20,Fun In The Sun Set - Spiderman,"Regular Price
R329.90




Special Price
R259.90",https://www.babiesrus.co.za/media/catalog/product/cache/f1f6de05b7f74ffe86c1d44f4118e994/5/0/5060428198470_imageoutofpack.png
21,Extra Long Swing Down Bed Rail,"Regular Price
R699.90




Special Price
R599.90",https://www.babiesrus.co.za/media/catalog/product/cache/f1f6de05b7f74ffe86c1d44f4118e994/6/0/6007856094508_imageoutofpack.png
22,Stay-By-Me Anti-Lost Toddler Wrist Strap - Orange,R129.90,https://www.babiesrus.co.za/media/catalog/product/cache/f1f6de05b7f74ffe86c1d44f4118e994/6/0/6001106123239_imageoutofpack.png
23,Nurture Easy Pour Breastmilk Storage Bags - 30-pack,"Regular Price
R169.90




Special Price
R139.90",https://www.babiesrus.co.za/media/catalog/product/cache/f1f6de05b7f74ffe86c1d44f4118e994/6/0/6009545469833_imageoutofpack.png
24,Nurture Ultra Comfort Breast Pads - 56 pack,"Regular Price
R99.90




Special Price
R89.90",https://www.babiesrus.co.za/media/catalog/product/cache/f1f6de05b7f74ffe86c1d44f4118e994/6/0/6009545469840_imageoutofpack.png
25,Bubble Bath 1LT Paw Patrol,R59.90,https://www.babiesrus.co.za/media/catalog/product/cache/f1f6de05b7f74ffe86c1d44f4118e994/4/8/4895038502642_imageoutofpack.png
26,Gaviscon Double Action 150ml,R109.90,https://www.babiesrus.co.za/media/catalog/product/cache/f1f6de05b7f74ffe86c1d44f4118e994/6/0/6001390978799_imageoutofpack.png
27,Vida Diaper Backpack,"Regular Price
R649.90




Special Price
R549.90",https://www.babiesrus.co.za/media/catalog/product/cache/f1f6de05b7f74ffe86c1d44f4118e994/6/0/6001390978812_imageoutofpack.png
28,Vida Diaper Shoulder Bag,"Regular Price
R599.90




Special Price
R499.90",https://www.babiesrus.co.za/media/catalog/product/cache/f1f6de05b7f74ffe86c1d44f4118e994/6/0/6009545465231_imageoutofpack.png
29,On Ther Move Activity Cube,"Regular Price
R199.90




Special Price
R159.90",https://www.babiesrus.co.za/media/catalog/product/cache/f1f6de05b7f74ffe86c1d44f4118e994/6/0/6009545424603_imageoutofpack.png
30,Glycerine Suppositories Infants and Children,R114.90,https://www.babiesrus.co.za/media/catalog/product/cache/f1f6de05b7f74ffe86c1d44f4118e994/6/0/6001911006659_imageoutofpack.png
31,Glycerine Adult Suppositories,R114.90,https://www.babiesrus.co.za/media/catalog/product/cache/f1f6de05b7f74ffe86c1d44f4118e994/5/0/5055531062152_imageoutofpack.png
32,Marlowe Premium Tote Diaper Bag,"Regular Price
R699.90




Special Price
R599.90",https://www.babiesrus.co.za/media/catalog/product/cache/f1f6de05b7f74ffe86c1d44f4118e994/6/0/6007856128289_imageoutofpack.png
33,Indigo Diaper Backpack Navy,"Regular Price
R599.90




Special Price
R499.90",https://www.babiesrus.co.za/media/catalog/product/cache/f1f6de05b7f74ffe86c1d44f4118e994/6/0/6007856128296_imageoutofpack.png
34,Silicone Cherry Dummies - 2 pack,R69.90,https://www.babiesrus.co.za/media/catalog/product/cache/f1f6de05b7f74ffe86c1d44f4118e994/6/0/6009880474165_imageoutofpack.png
35,Gro - Swaddle Dry Towel - Percy Penguin,R399.90,https://www.babiesrus.co.za/media/catalog/product/cache/f1f6de05b7f74ffe86c1d44f4118e994/6/2/6295120046418_imageoutofpack.png
36,Hooded Towel - Mickey,"Regular Price
R149.90




Special Price
R119.90",
37,Beach Towel - Princess,"Regular Price
R149.90




Special Price
R119.90",
38,Baby Nappy Wipes,R39.90,
39,Dettol Hand Sanitiser 50ml,R34.90,
