,Title,Categories,Price,Image
0,Nurture Easy Pour Breastmilk Storage Bags - 30-pack,Vital Baby,"Regular Price
R169.90




Special Price
R139.90",https://www.babiesrus.co.za/media/catalog/product/cache/f1f6de05b7f74ffe86c1d44f4118e994/5/0/5060428198432_imageoutofpack.png
1,Nurture Ultra Comfort Breast Pads - 56 pack,Vital Baby,"Regular Price
R99.90




Special Price
R89.90",https://www.babiesrus.co.za/media/catalog/product/cache/f1f6de05b7f74ffe86c1d44f4118e994/5/0/5060428198470_imageoutofpack.png
2,Silicone Cherry Dummies - 2 pack,Snookums,R69.90,https://www.babiesrus.co.za/media/catalog/product/cache/f1f6de05b7f74ffe86c1d44f4118e994/6/0/6001911006659_imageoutofpack.png
3,Lansinoh Nipple Cream 10ml,LANSINOH,R109.90,https://www.babiesrus.co.za/media/catalog/product/cache/f1f6de05b7f74ffe86c1d44f4118e994/5/0/5060062996074_imageoutofpack.png
4,Nurture Protect and Care Nipple Shields,Vital Baby,R99.90,https://www.babiesrus.co.za/static/version1637136379/frontend/Vaimo/babiesrus/en_US/images/placeholder.jpg
5,Newborn Starter Kit Blue,Pigeon,R499.90,https://www.babiesrus.co.za/static/version1637136379/frontend/Vaimo/babiesrus/en_US/images/placeholder.jpg
6,Nurture Ultra Comfort Breast Pads - 6 pack,Vital Baby,R24.90,https://www.babiesrus.co.za/static/version1637136379/frontend/Vaimo/babiesrus/en_US/images/placeholder.jpg
7,Made for Me Breastfeeding Starter Kit,Tommee Tippee,R999.90,https://www.babiesrus.co.za/static/version1637136379/frontend/Vaimo/babiesrus/en_US/images/placeholder.jpg
8,Seamless Padded Nursing Bra White Large,Carriwell,R499.90,https://www.babiesrus.co.za/static/version1637136379/frontend/Vaimo/babiesrus/en_US/images/placeholder.jpg
9,First Choice Electric Breast Pump,Nuk,"R3,299.90",https://www.babiesrus.co.za/static/version1637136379/frontend/Vaimo/babiesrus/en_US/images/placeholder.jpg
10,Made for Me Breast Pads Large x 40,Tommee Tippee,R159.90,https://www.babiesrus.co.za/static/version1637136379/frontend/Vaimo/babiesrus/en_US/images/placeholder.jpg
11,FISH BATH THERMOMETER: F161,DREAMBABY,R79.90,https://www.babiesrus.co.za/static/version1637136379/frontend/Vaimo/babiesrus/en_US/images/placeholder.jpg
12,Flip-It Fat Straw Cup 300ml Pink,Nuby,R99.90,https://www.babiesrus.co.za/static/version1637136379/frontend/Vaimo/babiesrus/en_US/images/placeholder.jpg
13,Flip-It Fat Straw Cup 300ml Blue,Nuby,R99.90,https://www.babiesrus.co.za/static/version1637136379/frontend/Vaimo/babiesrus/en_US/images/placeholder.jpg
14,Nappy Bin Refill,Angelcare,R139.90,https://www.babiesrus.co.za/static/version1637136379/frontend/Vaimo/babiesrus/en_US/images/placeholder.jpg
15,Made for Me Breast Pads Medium x 40,Tommee Tippee,R159.90,https://www.babiesrus.co.za/static/version1637136379/frontend/Vaimo/babiesrus/en_US/images/placeholder.jpg
16,3-in-1 Feeding Scarf - Charcoal,Snuggleroo,R169.90,https://www.babiesrus.co.za/static/version1637136379/frontend/Vaimo/babiesrus/en_US/images/placeholder.jpg
17,Nipple Care Cream 50g,Pigeon,R219.90,https://www.babiesrus.co.za/static/version1637136379/frontend/Vaimo/babiesrus/en_US/images/placeholder.jpg
18,Electric Breast Pump ( New ),Snookums,"Regular Price
R1,299.90




Special Price
R1,099.90",https://www.babiesrus.co.za/static/version1637136379/frontend/Vaimo/babiesrus/en_US/images/placeholder.jpg
19,Nipple Cream,BENNETS,R69.90,https://www.babiesrus.co.za/static/version1637136379/frontend/Vaimo/babiesrus/en_US/images/placeholder.jpg
20,Manual Breastpump Basic,Pigeon,"Regular Price
R399.90




Special Price
R329.90",https://www.babiesrus.co.za/static/version1637136379/frontend/Vaimo/babiesrus/en_US/images/placeholder.jpg
21,Nature Sense Electric Breast Pump,Nuk,"R3,799.90",https://www.babiesrus.co.za/static/version1637136379/frontend/Vaimo/babiesrus/en_US/images/placeholder.jpg
22,Lace Feeding Bra XL Black,Carriwell,"Regular Price
R259.90




Special Price
R199.90",https://www.babiesrus.co.za/static/version1637136379/frontend/Vaimo/babiesrus/en_US/images/placeholder.jpg
23,Mini Electric Breastpump,Medela,R999.10,https://www.babiesrus.co.za/static/version1637136379/frontend/Vaimo/babiesrus/en_US/images/placeholder.jpg
24,Lansinoh Nipple Cream 40ml,LANSINOH,R219.90,https://www.babiesrus.co.za/static/version1637136379/frontend/Vaimo/babiesrus/en_US/images/placeholder.jpg
25,Electric Breast Pump,Tommee Tippee,"R1,899.90",https://www.babiesrus.co.za/static/version1637136379/frontend/Vaimo/babiesrus/en_US/images/placeholder.jpg
26,Bepanthen Nappy Care Ointment 100g,Bepanthen,"Regular Price
R234.90




Special Price
R219.90",https://www.babiesrus.co.za/static/version1637136379/frontend/Vaimo/babiesrus/en_US/images/placeholder.jpg
27,Harmony Pump & Feed Set,Medela,"R1,199.90",https://www.babiesrus.co.za/static/version1637136379/frontend/Vaimo/babiesrus/en_US/images/placeholder.jpg
28,Pigeon's Nipple Care Cream 10g,Pigeon,"Regular Price
R79.90




Special Price
R64.90",https://www.babiesrus.co.za/static/version1637136379/frontend/Vaimo/babiesrus/en_US/images/placeholder.jpg
29,Seamless Drop Cup Bra XLarge White,Carriwell,R459.90,https://www.babiesrus.co.za/static/version1637136379/frontend/Vaimo/babiesrus/en_US/images/placeholder.jpg
30,Swing Electric Breastpump,Medela,"R3,499.90",https://www.babiesrus.co.za/static/version1637136379/frontend/Vaimo/babiesrus/en_US/images/placeholder.jpg
31,Silicone Manual Breast Pump,Nuby,R189.90,https://www.babiesrus.co.za/static/version1637136379/frontend/Vaimo/babiesrus/en_US/images/placeholder.jpg
32,Bepanthen Nappy Care Ointment 30g,Bepanthen,R99.90,https://www.babiesrus.co.za/static/version1637136379/frontend/Vaimo/babiesrus/en_US/images/placeholder.jpg
33,Seamless Padded Nursing Bra Black Medium,Carriwell,R499.90,https://www.babiesrus.co.za/static/version1637136379/frontend/Vaimo/babiesrus/en_US/images/placeholder.jpg
34,Electric Breast Pump - Natural,Avent,"R2,999.90",https://www.babiesrus.co.za/static/version1637136379/frontend/Vaimo/babiesrus/en_US/images/placeholder.jpg
35,Seamless Padded Nursing Bra White Xlarge,Carriwell,R499.90,https://www.babiesrus.co.za/static/version1637136379/frontend/Vaimo/babiesrus/en_US/images/placeholder.jpg
36,Nappy Bin Refills - 3 pack,Angelcare,"Regular Price
R349.90




Special Price
R299.90",https://www.babiesrus.co.za/static/version1637136379/frontend/Vaimo/babiesrus/en_US/images/placeholder.jpg
37,Freestyle Double Electric Breastpump,Medela,"R9,499.90",https://www.babiesrus.co.za/static/version1637136379/frontend/Vaimo/babiesrus/en_US/images/placeholder.jpg
38,ComfyFeel Breast Pads 50's,Pigeon,R99.90,https://www.babiesrus.co.za/static/version1637136379/frontend/Vaimo/babiesrus/en_US/images/placeholder.jpg
39,Snuggleroo Feeding Scarf,Snuggleroo,R159.90,https://www.babiesrus.co.za/static/version1637136379/frontend/Vaimo/babiesrus/en_US/images/placeholder.jpg
