,Title,Categories,Price,Images
0,Baby Campcot Comforter Set Tiny Tatty Teddy,"Products, Baby Bedding, Baby Linen & Clothing, Blankets, Duvet Sets, Gifting Ideas, New Products, Sleep Time",299.99,https://www.babyboom.co.za/wp-content/uploads/2021/05/6007856110239-1-1-300x300.jpg
1,Baby Campcot Comforter Set Winnie The Pooh,"Products, Baby Bedding, Baby Linen & Clothing, Blankets, Duvet Sets, Gifting Ideas, New Products, Sleep Time",299.99,https://www.babyboom.co.za/wp-content/uploads/2021/05/6007856110215-1-1-300x300.jpg
2,Bibi Natural Silicone Feeding Bottle 120ml,"Products, Baby Bottle & Accessories, Bottles, Cups and Dummies, Covid-19 Essentials Products, Feed & Bath Time, New Products",89.99,https://www.babyboom.co.za/wp-content/uploads/2021/04/7610472859261-2-1-300x300.jpg
3,Bibi Natural Silicone Feeding Bottle 260ml,"Products, Baby Bottle & Accessories, Bottles, Cups and Dummies, Covid-19 Essentials Products, Feed & Bath Time",99.99,https://www.babyboom.co.za/wp-content/uploads/2021/04/7610472859230-2-300x300.jpg
4,Bibi Natural Silicone Natural Silicone Teats 4m+ Happiness,"Products, Baby Bottle & Accessories, Bottles, Cups and Dummies, Feed & Bath Time",69.99,https://www.babyboom.co.za/wp-content/uploads/2021/04/7610472859360-300x300.jpg
5,Bibi Natural Silicone Natural Silicone Teats 6m+ Happiness,"Products, Baby Bottle & Accessories, Bottles, Cups and Dummies, Feed & Bath Time",69.99,https://www.babyboom.co.za/wp-content/uploads/2021/04/7610472859360-1-300x300.jpg
6,Carriwell Washable Cotton Breast Pads 6 Pieces,"Products, Breast Pumps & Accessories, For Mom, For Mom To Be",144.99,https://www.babyboom.co.za/wp-content/uploads/2021/04/6009625950039-300x300.jpg
7,Disney Mickey Mouse Muslin Sleeping Bag,"Products, Baby Clothing, Baby Linen & Clothing, Blankets, Clothing, Co-Sleeper & Pods, Gifting Ideas, New Products, Sleep Time",399.99,https://www.babyboom.co.za/wp-content/uploads/2021/08/6007856132767-1-300x300.jpg
8,Disney Milestone Blanket Mickey Mouse,"Products, Baby Clothing, Baby Linen & Clothing, Blankets, Clothing, Gifting Ideas, New Products, Sleep Time",249.99,https://www.babyboom.co.za/wp-content/uploads/2021/08/6007856126506-2-300x300.jpg
9,Disney Milestone Blanket Minnie Mouse,"Products, Baby Clothing, Baby Linen & Clothing, Blankets, Clothing, Gifting Ideas, New Products, Sleep Time",249.99,https://www.babyboom.co.za/wp-content/uploads/2021/08/6007856126490-2-300x300.jpg
10,Disney Milestone Blanket Winnie The Pooh,"Products, Baby Clothing, Baby Linen & Clothing, Blankets, Clothing, Gifting Ideas, New Products, Sleep Time",249.99,https://www.babyboom.co.za/wp-content/uploads/2021/08/6007856126513-2-300x300.jpg
11,Disney Minnie Mouse Muslin Sleeping Bag,"Products, Baby Clothing, Baby Linen & Clothing, Blankets, Clothing, Co-Sleeper & Pods, Gifting Ideas, New Products, Sleep Time",399.99,https://www.babyboom.co.za/wp-content/uploads/2021/08/6007856132774-1-300x300.jpg
12,Disney Winnie The Pooh Muslin Sleeping Bag,"Products, Baby Clothing, Baby Linen & Clothing, Blankets, Clothing, Co-Sleeper & Pods, Gifting Ideas, New Products, Sleep Time",399.99,https://www.babyboom.co.za/wp-content/uploads/2021/08/6007856132750-1-300x300.jpg
13,Face Cloths -3 Pack Baby Bunny,"Products, Baby Bath & Accessories, Baby Linen & Clothing, Feed & Bath Time, Gifting Ideas, New Products",59.99,https://www.babyboom.co.za/wp-content/uploads/2021/08/6007856124809-2-300x300.jpg
14,Face Cloths -3 Pack Baby Lion,"Products, Baby Bath & Accessories, Baby Linen & Clothing, Feed & Bath Time, Gifting Ideas, New Products",59.99,https://www.babyboom.co.za/wp-content/uploads/2021/08/6007856124793-2-300x300.jpg
